Midway Independent School District (McLennan County, Texas)	2015
South San Francisco High School	2015
The Kings school	2015
Mabuiag people	2015
School Bands in Singapore	2015
Cold War (band)	1200
Retreat Rosenwald School	2015
Chilton Saint James School	2015
Central Davis Junior High School	2015
Barton Warren Stone	1377
Military School	1585
Ice Age 2: The Meltdown Video Game	2015
Swar Sagar- The School of Music	2015
Hilliard City School District (Franklin County, Ohio)	2015
North Atlantic Drift	1387
The Nashville Bluegrass Band	2015
Wortham High School	2015
Our Lady of Lourdes Secondary School Mankon	2015
MASTER OF LETTERS	2015
Needham B. Broughton High School	2015
U.S. Army Engineer School	1834
National School Lunch Program	1633
Portal (video game	1935
Sonia Sotomayor High School	2015
Trafalgar Elementary School	1840
Covington (band)	2015
Goree Independent School District	1700
Shadow game	10
John McDonogh No. 35 High School	2015
Garrison, William Lloyd, School	2015
Mid Valley School District	1526
Charter School of Wilmington	2015
Stepdad (band)	2015
Clark Peterson (game designer)	2015
Deseret Sunday School Union	2015
Management game	1598
Zilla Parishad High School	2015
Enterprise School District	1526
Adelaide law school	2015
Mt albert primary school	2015
Lemuria (band)	1864
Wolverhampton Street School	2015
Party school	1290
Anteater (arcade game)	2015
The Infected (band)	2015
Aether (video game)	2015
University of Western Australia School of Music	2015
Allderdice High School	2015
Beach Haven School	1535
The Danish Consumers Co-operative Society	2015
Westmont Hilltop High School	2015
Minglanilla National Science High School	2015
The Norman Beaker Band	2015
Family Game Night (TV series)	1948
Lyc√©e Trading Card Game	1865
IEEE Computer Society	2015
Tallassee City School System	2015
University of Alabama Crimson Tide Marching Band	2015
Master servant	1225
Thingy (band)	1888
Educational Technology & Society	2015
Robert Fulton School	2015
Everett Elementary School	2015
Endurance game	1494
School of Kells	2015
L8R (band)	2015
The Congress of the People	2015
Danada Charm (elm hybrid)	2015
Riverview Elementary School	2015
Ottawa Township High School	1687
Basset (card game)	1458
Parachute Training School (disambiguation)	1827
Along Came A Spider (band)	1688
Vanderbilt University Divinity School	1885
Van Horn High School	1450
Bean (Ender's Game)	2015
Covenant Christian High School (Indianapolis, Indiana)	2015
Clickfine pen needles	2015
Kingdown School	2015
MYRA School of Business	2015
Tulpehocken Area School District	2015
Rail (Australian band)	1693
Raymore-Peculiar East Middle School	2015
Wortham Independent School District	2015
Stamford High School (Stamford, Connecticut)	2015
Godrevy Head to St Agnes	2015
Carmarthen Grammar School	2015
Masaka Secondary School	2015
Decatur High School (Arkansas)	2015
Nirmala Convent High School	2015
F E Osborne Junior High School	1876
Fremontia, the Journal of the California Native Plant Society	2015
Penn State DuBois Alumni Society	2015
Malcolm Campbell High School	2015
Mechanism of fighting game	2015
Opus (progressive rock band)	1809
Fire and Ice (video game)	1935
List of Fellows of the Royal Society elected in 1665	2015
Harrold High School (Harrold, Texas)	2015
Master K	10
