Rowing at the 2004 Summer Olympics – Men's lightweight coxless four	2015
Ceiling Zero	1604
Dubber Side of the Moon	2015
Muddy Mississippi Line	1728
Love And Peace Or Else	1154
Power dividers and directional couplers	2015
Mere Exposure Effect	1605
Chinese Taipei at the 2011 Summer Universiade	2015
Sanyo Main Line	2015
List of Lupin III Part II season 3 episodes	2015
Pick It Up (Planetshakers album)	2015
Pietrișul Creek	2015
Hold On to Strings Better Left to Fray	1340
Spring Break (CSI: Miami)	2015
North Brookfield (CDP), Worcester County, Massachusetts	2015
You Have The Right To Remain Silent...	2015
Recurring Rove sketches	2015
Writers guild of america strike	2015
Mount Tuzo	2015
Athletics at the 2010 Asian Games – Women's long jump	2015
Manhattan Beach Line (disambiguation)	1890
Cross Roads, PA	2015
Cycling at the 2005 Southeast Asian Games	2015
Maximally flat filter	2015
Manitoba Independent Labour Party (II)	2015
Flags of south america	2015
Gateway Station (Charlotte, North Carolina)	2015
The Hot Line	2015
Afrikaans Idols South Africa Season 1 voting results	2015
Outside callipers	1644
South Whiting Field	1440
Nick Smith (Home and Away)	1483
Upper Tahquamenon Falls	2015
Birches Head Academy	2015
Medusa: Dare to be Truthfull	2015
Boston butt	1534
Maximal consistent set	2015
2013 Nature's Way Sydney Tennis International – Men's Singles	2015
Finnoe, North Tipperary	2015
Mount Kyffin	2015
False Waldemar	2015
Bolberry Down	2015
Break dancer	1440
Walking Away (Information Society song)	1531
22nd Secretariat of the Communist Party of the Soviet Union	2015
Carry On Up The Charts	2015
Newcastle upon Tyne Council election 1998	2015
Led Zeppelin North American Tour Summer 1970	2015
2008-09 Big East Men's basketball season	2015
South African giant fat-tails	2015
South San Francisco High School	2015
Christian Democratic Party of Moldova	2015
2014 America East Conference Baseball Tournament	2015
International reaction to the arrest of Radovan Karadzic	2015
New york film critics circle award for best director	1657
Sailing at the 1936 Summer Olympics - O-Jolle	2015
Wallsend, New South Wales	2015
National Register of Historic Places listing in East and Northeast Baltimore	2015
Mackay Point	2015
Wild Cards III: Jokers Wild	2015
Members of the New South Wales Legislative Assembly, 1901-1904	2015
Return to vendor	1594
And Still I Rise	1410
Halifax County Schools (North Carolina)	2015
Gore Creek	1250
BFCA Critics' Choice Award for Best Cast	2015
Bear holding a shark	1569
Pointing (disambiguation)	1827
Hommage to Lovey-Dovey	2015
Mount Salak	1820
The Guide to Modern World Literature	2015
Sip n' Dip Lounge	2015
Reverse mathematics	1581
East Syracuse-Minoa Central School District	2015
List of Law & Order: Criminal Intent cast members	2015
The Song From Moulin Rouge	2015
Athletics at the 1976 Summer Olympics – Men's Marathon	2015
Art Institute of CA at Orange County	2015
Fujikoshi Line	2015
Amberley Wild Brooks (song)	2015
Psychiatrists from the Soviet Union	2015
Along Came A Spider (band)	1688
Cardinals created by Honorius IV	2015
Archery at the 1920 Summer Olympics – Team moving bird, 50 metres	2015
IBM Stretch computer	2015
Return Of The Killer Tomatoes	2015
Once Upon a Time (Claudia Christian album)	2015
Settlement of the British Isles (before 1066)	2015
Forward (Turn album)	1527
List of submissions to the 51st Academy Awards for Best Foreign Language Film	2015
Whitmer, West Virginia	2015
Cross scavenging	1851
Western North Carolina Railroad	1884
South East Asia Graduate School of Theology	2015
Hawk Creek (Bahamas)	2015
France at the 2012 Summer Olympics	2015
Fear of a direct hit	2015
Sailing at the 1964 Summer Olympics - Dragon	2015
Shooting at the 2004 Summer Olympics - Men's 10 m Air Pistol	2015
Itmann, West Virginia	2015
