Inaho Station	2015
Commission of the Bishops' Conferences of the European Community	2015
Sammarinese electoral law referendum, 2005	2015
Fast of the first born	2015
UP 844	2015
Let's Get It: Thug Motivation 101	2015
Hawkseberry River	2015
1924 Summer Olympics medal count	2015
Terrace Airport	1919
George Burrow	1506
Magic water	1386
1994 National Football League season	2015
List of U.S. states and territories by area	2015
Zilla Parishad High School	2015
Good Night Simpsons	2015
Spring Lake Township, Michigan	2015
James Spaulding (Guiding Light)	2015
I'm A Celebrity, Get Me Out of Here!	2015
LINK 480Z	2015
Men's Hockey at the 1996 Summer Olympics (team squads)	2015
Salt pans	2015
Average Jane	1386
Città del Vaticano railway station	2015
Claire Keister	1901
List of prisons in Algeria	2015
When The Rain Rain Rain Came Down	2015
Wales cricket team	1325
Sewer Shark	1569
Oşoiu River	2015
Majestic metro station	1619
List of bridges in Sri Lanka	2015
Templeton Secondary School	2015
Waipati River	2015
Bud Thomas (disambiguation)	1846
2003 Montedio Yamagata season	2015
Time in Israel	10
Tuckerman Elementary School	2015
A Pinch to Grow an Ed	2015
Port Vale F.C. season 1989–90	2015
List of Olympic venues in gymnastics	2015
Colombian flag	2015
Leabank School	2015
Tiger basic	1877
Apollo (Star Trek)	2015
Heart of Midlothian F.C. season 2008-09	2015
List of Catholic churches in Bulgaria	2015
Constitution Square (disambiguation)	1827
816th Strategic Aerospace Division	2015
Azara's Grass Mouse	2015
Bone grafting	1483
Missa brevis in D Minor, K. 65	2015
1964 in Japanese television	2015
Common table prayer	1300
Acre River	1297
Fitt Law	10
Ilguva Manor	2015
Dead End Street	10
John McDonogh No. 35 High School	2015
United State Senate special election in Hawaii, 2014	2015
Titular bishop of Castrum	2015
Mackay Point	2015
1942 Arkansas Razorbacks football team	2015
Ghost in the Shell: Stand Alone Complex: The Lost Memory	2015
New Haven – State Street (Metro-North station)	2015
Let's Go by Train	2015
Five spice powder	1290
Twin Grove Township, Greenwood County, Kansas	2015
Oklahoma State University School of Fire Protection and Safety	2015
Elections in Trentino-Alto Adige	2015
Embassy of Denmark in Washington, D.C.	2015
Stub Barron	2015
Tajikistan at the 2011 Asian Winter Games	2015
List of county routes in Greene County, New York	2015
United States House of Representatives election in Iowa, 2012	2015
Lorenzo Manta	2015
Rancho Santiago College	2015
Shibuya Makuhari Senior High School of Singapore	2015
Carl Linger	1597
Emmen Zuid railway station	2015
The Rifles (band)	2015
Central Coast Mariners FC W-League players	2015
American Farmer (Charlie Daniels song)	2015
List of political parties in Guinea	2015
Queen Paola Foundation	2015
Oetwil am See (Zürich)	2015
Cains River Natural Protected Area	2015
National Register of Historic Places listings in Volusia County, Florida	2015
The Tennessee Encyclopedia of History and Culture	2015
Thailand at the 1976 Summer Olympics	2015
Kashmir Division	1882
30th Avenue–Grand Avenue (BMT Astoria Line)	2015
Avenir School	2015
Tony Lip	1654
Mann-Whitney-Wilcoxon test	2015
Straight bridge	1350
Compressed Serial Line Internet Protocol	2015
Haunting of Winchester House	2015
Miguel Frank	2015
Banning Railroad Bridge	1757
Nirmala Convent High School	2015
