Aboriginal heritage legislation	1767
List of secondary highways in Timiskaming District	2015
Telephone numbers in Honduras	2015
History of cricket in South Africa from 1945–46 to 1970	2015
List of hospitals in Argentina	2015
Banks and Politics in America from the Revolution to the Civil War	2015
R68/20/21/22: Harmful: possible risk of irreversible effects through inhalation, in contact with skin and if swallowed	2015
Basilica di San Giovanni in Laterano	2015
1804 in art	2015
Pennsylvania State Route 7	2015
Calorie reduction	1863
Scenes from the class struggle in beverly hills	2015
State Road 807 (Florida)	2015
Solar energy use in rural Africa	2015
Girls in Niue	2015
1861 in sociology	2015
List of Chairmen of the State Council of the Republic of Tatarstan	2015
Idaho State Highway 42	2015
Interstate 35 in Missouri	2015
Local government in New Jersey	1587
Women in the Philippine Marine Corps	2015
Snowy Love Fall in Spring	10
United States House of Representatives elections in South Carolina, 1820	2015
1395 in Ireland	2015
Center for liberty in the middle east	2015
The Possession (2012 film)	2015
List of NHLs by state	2015
Tallest players in NBA history	2015
L'italiana in Algeri	2015
Human Rights in the People's Republic of China	2015
Theatre in Ireland	1861
Georgia State Highway 243	2015
Campus Martius State Memorial	1774
14th International Solvay Conference in Physics	2015
Florida State University College of Engineering	2015
List of Wayne State University people	2015
Telephone numbers in Azerbaijan	1911
Tabula in naufragio	2015
Ethnic Macedonians in Bulgaria	2015
Schools in Nigeria	2015
Supermarkets in Russian Federation	2015
List of windmills in Hampshire and the Isle of Wight	2015
Boulevards in Omaha, Nebraska	2015
Robert H. Treman State Park	2015
Grade II* listed buildings in Southend-on-Sea	2015
West End Detention Center	1552
January 2006 in the United Kingdom	2015
1941 in Norway	2015
Singing in the Drain	2015
2013 Leeward Islands Junior Championships in Athletics	2015
List of protected heritage sites in Ottignies-Louvain-la-Neuve	2015
Elections in Trentino-Alto Adige	2015
State aid	1460
United States House of Representatives elections in North Dakota, 1904	2015
Virginia State Highway 351	2015
Talking In Your Sleep	2015
List of synagogues in Australia and New Zealand	2015
Virginia State Highway 121	2015
Monuments and memorials in Riga	2015
Colorado State Highway 11	2015
State Highway 758	2015
Missouri State Highway 114	2015
List of National Monuments in County Cork	2015
State highway 76 (Missouri)	2015
List of Airports in the Bethel Census Area	2015
Pennsylvania State University Paranormal Research Society	2015
So Soon In The Morning	2015
B in the Mix: The Remixes	2015
State Route 197 (Ohio)	2015
Governor of Oyo State	2015
List of loanwords in Thai	2015
In Your Wildest Dreams (disambiguation)	2015
1848 in Denmark	2015
Names in Russian culture	2015
Elgin-Middlesex Detention Centre	2015
List of World Heritage Sites in the Dominican Republic	2015
Locations in Pirates of the Caribbean	2015
Japanese International School in Düsseldorf	2015
U.S. Route 275 in Iowa	2015
1986 European Championships in Athletics - Women's Shot Put	2015
Universities in Slovakia	2015
Electricity sector in chile	2015
Alabama State Route 64	2015
Columbus State Cougars men's basketball	2015
U.S.A. state	2015
Civil unions in Slovenia	2015
1922 in Norway	2015
The Man in Black	2015
Soudan Underground Mine State Park	1571
Card money in New France	1500
State aid for public libraries	2015
1835 in science	2015
United States House of Representatives elections in Texas, 2000	2015
State (politics)	1529
List of highest counties in the United States	2015
In Position	1374
Witchcraft accusations against children in Africa	2015
United States Senate election in Massachusetts, 1839	2015
Arkansas state highway 112	2015
New York State Touring Route 16	2015
