Cartier Tank watch	2015
Board of Secondary Education, Rajasthan	2015
St. Bernard High School	2015
Ethics Committee (Georgia House)	2015
The Falcons and Scout movements in Greater Poland	2015
Danny Miller (Fresh Air producer)	2015
Tom Walshaw a.k.a. Tubal Cain (model engineer)	2015
Open Your Box (album)	2015
Park Island Ground	10
List of number-one singles in 1993 (NZ)	2015
Van der Goes	2015
Princess Royal Island (Nunavut)	2015
List of principal and guide meridians and base lines of the United States	2015
List of Albanian prefectures	2015
Man in Blues	1766
Allen Red Devils	2015
Lee Chun-Seok	2015
Holy Cross Mountains	1601
Catalytic site	1945
Documentation and Cultural Centre of German Sinti and Roma	2015
Lived A Lie (You Me At Six song)	2015
Fountain Lakes Valley	1398
Bandera High School	2015
King's College Hospital RFC	2015
17th Reconnaissance Wing	2015
Collie Senior High School	1651
Balls in the Great Meat Grinder Collection	2015
Hassenplug Bridge	2015
Street names in Chişinău	2015
1996 St. Petersburg Open - Singles	2015
Echo Peak	1529
I Want to Break Free	10
Eugene Van Bemmel	2015
The Island of Sodor: Its People, History and Railways	2015
World Fantasy Award for Best Short Story	1325
Ultimate Football - Try Formation!	2015
List of number-one DVDs of 2002 (UK)	2015
Walter Samuel Millard	2015
Imperial Reckoning: The Untold Story of Britain's Gulag in Kenya	2015
O. V. Wright	2015
List of Regiments of the Belgian Army	2015
Oyster Bay (hamlet)	1330
List of places in Pennsylvania/Sk-Sy	2015
Tropical Cyclone Sally (1971)	2015
Turpan water system	2015
Launch pad (disambiguation)	1827
Lee Chae-young	2015
Gaocheng South Railway Station	2015
List of Second Spouses of the Philippines	2015
Field High School	10
Tuck Everlasting (2002 film)	2015
Gehrenseestraße railway station	2015
Lee Kee-keun	2015
Carols in the City	2015
List of coats of arms of Germany	2015
Second Avenue Line	1600
Humberside fire and rescue service	2015
Cape Vincent (village), New York	2015
CAST (disambiguation)	1827
Puna Miner	2015
Division (naval)	1602
New Kent CH, Virginia	2015
Soviet submarine K-77	2015
Antique Trader	1585
Granite Pass (Idaho)	2015
English cricket team in the West Indies in 1912–13	2015
Marshall Islands - Federated States of Micronesia Maritime Boundary Treaty	2015
Master of Delft	2015
Western Australian Government Railways and Tramways	2015
Castle of Val-Duchesse	2015
A House for Mr. Biswas	2015
Super Sailor Chibi Moon	2015
Maryland Shipbuilding & Drydock Company	2015
Western Broadcasting Company	1922
Pee Dee, Anson County, North Carolina	2015
Northern Maritime Route	1550
High island reservoir	1690
Franklin Township, Marion County, IN	2015
Morgan Lander	1859
National Register of Historic Places in Douglas County, Nevada	2015
List of Malcolm In The Middle episodes	2015
Technical University in Charlottenburg	2015
Creatures in The Sword of Truth	2015
Earth, Wind & Fire: Greatest Hits	2015
Russkoye oil field	2015
Panzer Badge	1940
Scaredy Cat (Doctor Who audio)	1959
1990 in home video	2015
The garbage bag	2015
Over the Top (White Wizzard album)	2015
United States Senate election in West Virginia, 1964	2015
Belmont Road	2015
Jiffy bag	1785
Lee Otway	2015
United States House of Representatives election in Delaware, 1834	2015
List of Nippon Professional Baseball players (A)	2015
Dils-Downer House	2015
Union Station and Burlington Freight House	2015
Doctor and Student	1432
Seven oaks elementary	1844
