Maranao People	1957
Japan general election, 1932	2015
Yale University Men's Ice Hockey	1929
General Population (album)	1552
Marquette University Press	2015
Indian general election, 2009 (Punjab)	2015
LGBT people in Philadelphia	2015
Discovery Park (University of North Texas)	2015
University of East Asia, Macau	2015
University of Maryland-Baltimore	2015
Kangnung National University	2015
Technical University in Charlottenburg	2015
Easy Rock General Santos	1888
Bath University Students' Union	2015
We the people act	2015
People of the Pear Tree	2015
List of notable people from Bruges	2015
Washington University (Missouri)	1930
People of the Autonomous Republic of Adjara	2015
San Antonio Abad National University in Cusco	2015
General court-martial	2015
Imperial Alexander University	1374
University of Cyprus	2015
University of Saint Francis (Indiana)	2015
University di udine	2015
General Exchange Act of 1922	2015
Jackson State University	2015
School and university	1300
University of Science & Arts of Oklahoma	2015
Vir Surendra Sai University of Technology	2015
Ohio University - Zanesville	2015
Far Eastern State University	1300
Kabul university	2015
Bird People of China	2015
List of fattest people	2015
University of Nevada (disambiguation)	2015
University of Science & Technology Bannu	2015
University of Idaho–Moscow	2015
Tabriz Art University	1900
Superior General of the Fraternity of St Peter	2015
49th Nova Scotia general election	2015
Benazir Bhutto Shaheed University Karachi	2015
List of University of Idaho alumni	2015
Plate-glass university	1727
Kazimierz Pułaski Technical University of Radom Institute of Health	2015
TIM (Tomorrow People)	1610
University Courts	2015
The Texas A and M University System	2015
Folk taxa	2015
California state polytechnic university college of engineering	2015
State University of New York-Cobleskill	2015
Spiru Haret University	2015
University of oxbridge	2015
Belarusian state university faculty of economics	2015
Saint Lucian people	1750
General Shinseki	2015
Major General Roberts	2015
List of Presidents of North Dakota State University	2015
Odessa State Medical University	2015
University of Minnesota Children's Hospital, Fairview	2015
East Stroudsburg University	2015
Kim Il-sung Military University	2015
University of Huelva	2015
Chinoyi University of Technology	2015
General Duke	1290
Butler's General Order No. 28	2015
University of Arkansas Press	2015
University of Medical Technology, Mandalay	2015
General Hummel	1500
Consolidated General Order	1753
Purdue University School of Consumer and Family Sciences	2015
University of Western Australia Library	2015
Temple university beasley school of law	2015
Song Qing (general)	2015
University of Western Australia School of Music	2015
Mabuiag people	2015
Martin Hall (West Virginia University)	1618
University of Mugla	2015
University of California, Berkeley Haas School of Business	2015
University of Virginia at Wise	2015
General motors	2015
University of Saint Mary (Kansas)	2015
University of Paris VII: Denis Diderot	2015
Ulm University	2015
Georg-August University	2015
General Keightley	2015
De La Salle University Dasmarinas	2015
Ciudad General Escobedo	2015
Malaysian general election, 1995	2015
Saint Mary's University College (disambiguation)	2015
Glyndŵr University Racecourse Ground	2015
National taiwan university of science and technology	2015
Wurzburg, University of	2015
Central University of Jammu	2015
University of Wisconsin-Menomonie	2015
List of Wayne State University people	2015
Pennsylvania State University Paranormal Research Society	2015
List of alumni of Mercer University	2015
List of Norwegian people	2015
General German Workers' Union	2015
