Chowmuhani Government S.A College	2015
Align	1934
Strait of Shimonoseki	2015
Aquaculture in Hong Kong	2015
List of railway stations in Lower Saxony	2015
Fear and Trembling (film)	1303
Castle of Montuenga	2015
Fantasy and Fugue on the chorale Ad nos ad salutarem undam	2015
Found Memories	2015
Skyline car	2015
List of cast members from A Nightmare on Elm Street	2015
Coundon Court School and Community College	2015
Cross bottony	2015
Addlestrop and Stow Road railway station	2015
The Penal Zone	2015
High level, ab	2015
List of Premiers of the Kingdom of Viti	2015
Kedzie (CTA Pink Line station)	2015
Van Hulssen Islands	2015
Flying Finn (airline)	1914
List of members of the Queen's Privy Council for Canada (1867–1911)	2015
Teenage pregnancy in the UK	2015
Portman Square	1300
Remplingen Peak	2015
List of Translations of Works by William Shakespeare	2015
A Pure LIfe (film)	1297
Saint Georges Cross Underground station	2015
Kanpur Junction railway station	2015
Throw Some D's	2015
Scouting in The Gambia	2015
Inclined moving walkway	1792
Here I Am (Air Supply song)	1423
List of venerables	2015
Flatpoint High School	2015
Romani people by country	1899
Emmy Award for Outstanding Variety, Music or Comedy Series	2015
Regis R. Malady Bridge	2015
Lyriq Bent	2015
Dream Theater's Greatest Hit (...& 21 Other Pretty Cool Songs)	2015
Balgzand Bacton Line	2015
Libyan Constituent Assembly election	1622
Pothys Group	2015
Shepperd's Dell State Park	2015
UN Convention on Conventional Weapons	2015
Wild See	10
Saria Island	2015
Mathura Lion Capital	2015
Irton Cross	2015
Purple top	10
Mount Albert byelection, 2009	2015
Open mapping theorem (complex analysis)	1775
Baba Ben BuTa	2015
List of WWE Raw guest hosts	2015
7th Psychological Operations Group	2015
1943 in Scotland	2015
House at 175 Belden Street	2015
Ytororo order of battle	2015
Morgan Quitno Press	2015
Maryland General Assembly elections, 2010	2015
European school of management and technology	2015
Western Illinois University	1703
Timeline of women in war in the United States, Pre-WWI	2015
List of Norwegian football transfers winter 2011–12	2015
United States House of Representatives elections in Oklahoma, 2002	2015
United States House of Representatives elections in Utah, 1932	2015
Yeonsinnae Station	2015
Hell's Kitchen Park	2015
British Rail Class AL3	2015
Lycurgus cup	2015
Coffee-table book	2015
Wickham, Western Australia	2015
And in This Corner...	2015
Red Bird uprising	1250
Water (Eurovision song)	2015
Amanda Roth Block	2015
Accion y reaccion	2015
Burdwood Bank	2015
Blood agar plate	1889
Beech Hill Fault	1300
Game: He Plays To Win	2015
Cowboys Are Frequently, Secretly (Fond of Each Other)	2015
Fort snelling station	2015
Divriği A-Kafa mine	2015
List of MPs for constituencies in the East of England region 2010–	2015
Block Magazine	1583
Seal of City of Montreal, Quebec	2015
List of Soviet films of 1925	2015
List of Welsh saints	2015
Portrait of a Young Woman (Raphael)	2015
Standard Chartered Dubai Marathon	2015
HTTP POST request	2015
Sherlock Holmes (2013 TV series)	2015
Clam Beach Run	1535
George Walpole (British Army officer)	2015
List of Speaker's Lectures	2015
Sad Songs for Dirty Lovers (One Tree Hill episode)	2015
Achva Academic College	2015
Nirō Station	2015
Wolverhampton Street School	2015
Advance Congress of Democrats	2015
