Safety Code	1303
List of minor planets/71801–71900	2015
Isomorphism of rings	2015
MLB consecutive games played streaks	2015
US District Court for the Eastern District of California	2015
Deep temporal artery	1398
Weekend Love (Queen Latifah single)	2015
You Have The Right To Remain Silent...	2015
Sweet Honey in the Rock	2015
Anton Wulff House	2015
Autobiography: Some Notes on a Nonentity	2015
Pre-election pendulum for the next Australian federal election	2015
List of quadrangles on Io	2015
Wild West Show (song)	1180
Board of Directors Member	2015
HTTP POST request	2015
Dubai World Central International Airport	2015
189th Infantry Division (Wehrmacht)	2015
87th (Royal Irish Fusiliers) Regiment of Foot	2015
Music of Bahamas	2015
List of supermarket chains in Romania	2015
The Private Life of an Indian Prince	2015
Legal right	1526
Silver Jubilee Express	1382
Socket AM2+	2015
Branford Hall Career Institute	2015
Post nasal drip	1480
Jiffy bag	1785
List of UEFA European Football Championship national team droughts	2015
Balad Air Base	2015
Flat rate tax	1400
List of Olympic venues in gymnastics	2015
Hervey Jonction (VIA station)	2015
1705th Air Transport Wing	2015
Grand Slam (tennis)	1621
International rankings of Burma	2015
Multipurpose National Identity Card	2015
Crosbie Ward	2015
Qatar Stars League 1966–67	2015
Jack seaward	1610
Galimpur massacre	2015
Living on the Edge (disambiguation)	2015
Four Weddings and A Funeral	2015
Black rat snakes	2015
Viscount Coote of Castle Coote	2015
Vector measure	1704
Grant Park Symphony Orchestra	1596
Park West Station	1380
Bb gun	1853
European Best Player Award	1603
Karabiner 98k	2015
Dragon Ball Z: Sparking! NEO	2015
Pointing (disambiguation)	1827
Old Chicago Post Office Redevelopment	2015
Professional Matchplay Championship	2015
2009 IIHF World U18 Championship Division III	2015
St. Bernard State Park	2015
2010–11 Libyan Premier League	2015
Andre Lewis (footballer)	2015
Indian women's cricket team	2015
The Jammu and Kashmir Right to Information Act, 2009	2015
Espionage (TV series)	1948
List of minor planets/129701-129800	2015
Palestine Final Fortress	2015
On Interstate 15	2015
Gloucester Business Park	1802
Harry Hodgkinson (footballer)	2015
List of bass guitarists	2015
Peer group (disambiguation)	1827
Impelling power	1767
Gothic Revival style	1651
Azerbaijan Cup 2008-09	2015
List of The Big O chapters	2015
2009 FIA WTCC Race of Japan	2015
Middle Path	10
Chuck Versus the Tooth	2015
List of hopsitals in Manjeri	2015
East Harling Windmill	1730
2006 fifa world player of the year	2015
Red Hands	1894
Pershing Square Building	1958
John Ashley (ice hockey)	2015
Hog-nosed bat	2015
Native black thorn	1432
Brian Taylor (Australian footballer)	2015
Red Cross of Chad	2015
On The Prowl	2015
New Pebble Park	1290
Fuzzball sport	2015
Bitin' Off Hedz	2015
Steel coasters	2015
Fantasy hockey	1527
2003 Rugby World Cup - Oceania qualification	2015
United States House Committee on Expenditures in the Department of the Interior	2015
Hong Kong International Airport Services Ltd.	2015
Scouting in The Gambia	2015
SARDI Clare Crop Improvement Centre	2015
Kirkcaldy YM Football Club	2015
Suffolk Premier Cup	1797
My Side of the Bed	2015
