Bhargabi High School	2015
Space Knights	1894
Curious Notions	1803
El Gran Show 2011 (season 1)	2015
List of presidents of Sudan	2015
It's Called the Easy Life EP	2015
Animal Pragmatism (Charmed episode)	1863
Permutation (album)	1527
Javier Rodriguez (sport shooter)	2015
XXYYXX (album)	2015
Ndeni language	2015
Soul World	10
World Magnetic Model	1632
1190 in art	2015
Brands Hatch	2015
List of Rhythmic Top 40 number-one singles of 2004 (U.S.)	2015
The Heist (1999 film)	2015
History of the Armenians in Egypt	2015
European speed skating championships for women	2015
Painted rocksnail	2015
2006 FINA World Open Water Swimming Championships - Women's 5K	2015
List of Chairmen of the Landsrad of Greenland	2015
List of Late Night with Jimmy Fallon episodes (2011)	2015
Sir William Mulock Secondary School	2015
Night Safari	1890
Thor's Hammer (Tusenfryd)	2015
Noise dosimeter	1944
ATS language	2015
Poemander (mythology)	2015
Rockhampton National School	2015
Achva Academic College	2015
3-methylbutyric acid	2015
Living dinosaurs in Oceania	2015
National Union of Tailor and Garment Workers	2015
Long Beach Armada	1535
Center for Human Identification	1644
Music of Mongolia	2015
Mark Armstrong (equestrian)	2015
HDM (field hockey)	2015
Peter Gilchrist (billiards player)	2015
Revenge of the Titans (film)	2015
Gymnopilus medius	2015
Anaheim kingsmen drum and bugle corps	2015
Manego (album)	2015
Utah State Route 303 (1972)	2015
Calliope River	1858
Conservatoire de musique de Montreal	2015
Gods child Aluminum	1812
Isaac Hobbs House	2015
List of asteroids/70801â€“70900	2015
Sekonda Face to Watch	2015
Literature in Latin America	2015
The Cover Girl (Matlock episode)	2015
Hillpark Secondary School	2015
Naruto Episode 161	2015
2010 PTT Pattaya Open	2015
Flippity and Flop (Screen Gems)	2015
The Decoy (1916 film)	2015
List of Dead Cell members	2015
Zuiderduin Dutch Grand Masters	2015
Williams-Ligon House	2015
La Lanterne-et-les-Armonts	2015
List of most wanted Saudi terrorist suspects	2015
Recursively presented group	1934
St. James Power Station	2015
British Steel Redcar station	2015
National Register of Historic Places listings in Kenton County, Kentucky	2015
Project Censored the Movie	2015
Paper format	1840
Hancock Field Air National Guard Base	2015
Book-Holder	1585
Virtue (album)	1527
Jervis B. Webb Company	2015
Mohammadabad Rural District	2015
Gateway Station (Charlotte, North Carolina)	2015
Organisation story	2015
STARFLEET Command (fan group)	2015
Orionine Order	2015
Night of the Demons (2009 remake)	2015
Thomas Fuller (writer)	1846
Provisional Representation	1601
Invariant theory of the orthogonal group	2015
Magic computer	1646
US states without major sports teams	2015
Iron pyrite	1567
List of Harlequin Romance novels released in 1979	2015
Tomorrow Is Another Day (album)	1527
Triumph of the Virtues (Mantegna)	2015
Recto-vesical space	2015
New york film critics circle award for best director	1657
UCLA Luskin School of Public Affairs	2015
St. Louis Open	2015
Ice Beam	10
List of football clubs in Israel	2015
Milwaukee Union Station	2015
Bag Pula-n Lume Si V-o Fac Cadou	2015
Ark (L'Arc-en-Ciel album)	2015
La mia risposta (song)	2015
Mount Olive College Trojans	2015
LEYA Novel Prize	2015
